명칭,전화번호,주소,개요,개장일,쉬는날,체험안내,체험가능연령,수용인원,이용시기,이용시간,주차시설,유모차 대여 여부,애완동물 동반 가능 여부,신용카드 가능 여부,상세정보
해리마을,nan,전북특별자치도 고창군 해리면 동호리,"우리나라 서남단에 자리한 고창 지역은 다양한 문화유적이 분포되어 있다. 특히 해리마을에 위치한 동호해수욕장의 500년 이상된 노송은 우리나라에서 보기 드문 것으로 유명하다. 또한/ 너무도 깨끗한 해수욕장과 해당화 군락지/ 명사십리가 조성되어 있다.
해리마을 인근에 2001년 폐교된 나성초등학교를 이대건 촌장과 이영남 관장 가족이 정착하여 조성한 인문출판 공도체 책마을 해리가 위치해 있다. 책마을 해리에는 배우 공유가 다녀가면서 입소문이 난 곳이다.",nan,nan,nan,nan,nan,nan,nan,가능<br>요금(무료),없음,없음,nan,"화장실:있음
"
명암산채건강마을,nan,충청북도 제천시 봉양읍 명암로 574,"명암산채건강마을은 감악산과 석기암 사이 해발 400m 청정지역에 자리 잡은 자연 친환경적인 펜션 마을이다. 황토와 돌/ 그리고 나무로 지어진 단독형 펜션으로 자연을 그대로 품은 가족 단위 웰빙 휴양지이다. 6/000평 부지에 산과 하천이 어우러져 도시민들의 막힌 가슴을 시원하게 뚫어주는 넓고 안락한 쉼터이다. 총 14개 동의 객실과 세미나실/ 한의원/ 운동장/ 바비큐장/ 노래방 기기/ 식당/ 토굴/ 개울가/ 평상/ 정자 등 편의시설을 갖추고 있다.
명암산채건강마을에서는 생태형 하천/ 등산로/ 산악자전거도로를 조성하여 다양한 체험 공간을 제공하며 한방진료/ 솔잎땀 체험 등 각종 체험도 할 수 있다. 한방진료는 제천시에서 아토피 질환과 성인병 등 난치병 휴양객을 위해 세운 한방 명의촌은 한의사와 기 치료사/ 물리치료사 등 전문 의료진이 상주하면서 성인병 등 난치성 질환자를 치료한다. 솔잎땀 체험은 바닥에 솦잎을 수북이 깔고 얇은 천을 덮은 뒤 그 위에 누워 땀을 내는 것이다.",nan,연중무휴,한방진료 / 솔잎땀 체험,nan,nan,nan,체험에 따라 상이,있음,불가,없음,nan,"이용가능시설:산채식당 / 펜션 / 바비큐장		

입 장 료:입장료 무료 / 체험비 별도		

화장실:있음(남녀 구분)

"
